date,total,cells,done,pass,fail,spec,blocked,notrun,exec_rate,pass_rate
2026-09-12,163,3260,90,78,5,7,5,68,2.8,86.7
2026-09-13,81,972,524,473,47,4,61,324,80.9,90.3
2026-09-14,81,1215,728,654,65,9,324,100,65.3,89.8
2026-09-15,78,1092,915,826,78,11,163,3,84.0,90.3
2026-09-16,78,1014,840,743,84,13,152,22,84.7,88.5
2026-09-17,78,936,857,750,97,10,57,22,93.8,87.5
2026-09-18,80,960,908,810,87,11,42,10,95.6,89.2
2026-09-19,100,1000,710,619,82,9,19,11,71.8,87.2
2026-09-20,100,1400,1334,1174,143,17,47,19,96.6,88.0
2026-09-21,100,1200,1132,1001,120,11,43,11,95.2,88.4
2026-09-22,100,1200,1162,1031,122,9,16,22,98.6,88.7
2026-09-23,100,1500,1460,1287,156,17,23,17,98.4,88.2
2026-09-24,102,1326,1172,1045,117,10,20,12,89.2,89.2
2026-09-25,102,1020,997,863,121,13,11,12,98.9,86.6
2026-09-26,102,1122,998,864,121,13,112,12,89.9,86.6
2026-09-27,102,1122,1082,953,116,13,28,12,97.5,88.1
2026-09-28,102,1326,1192,1061,118,13,108,25,91.6,89.0
2026-09-29,102,1224,1199,1071,115,13,14,11,98.8,89.3
2026-09-30,102,1428,1387,1242,128,17,12,14,98.1,89.5
2026-10-01,102,918,890,813,68,9,20,8,97.8,91.3
2026-10-02,102,1224,1088,971,101,16,25,12,89.8,89.2
2026-10-03,102,1224,1170,988,162,20,29,14,96.7,84.4
2026-10-04,102,1224,1001,902,86,13,27,12,82.6,90.1
2026-10-05,102,1020,914,828,75,11,8,10,90.5,90.6
2026-10-06,102,1122,1029,918,95,16,26,12,92.7,89.2
2026-10-07,102,1224,1162,1043,95,24,46,16,96.2,89.8
2026-10-08,102,1224,1190,1071,96,23,18,16,98.5,90.0
2026-10-09,102,1428,1396,1266,110,20,17,15,98.8,90.7
2026-10-10,102,1428,1118,976,119,23,16,15,79.1,87.3
2026-10-11,102,102,0,0,0,0,0,0,0.0,0.0
